[34]	[39]	[35]	[39]	[31]	[16]	[8]	[10]	[18]	[32]	[38]	[25]	[24]	[52]	[90]	[88]	[98]	[60]	[35]	[29]	[30]	[32]	[34]	[35]	[35]	[36]	[37]	[37]	[35]	[34]	[32]	[35]	[38]	[34]	[34]	[35]	[35]	[35]	[35]	[32]	[36]	[40]	[32]	[35]	[35]	[34]	[35]	[40]	[38]	[35]	[35]	[31]	[34]	[34]	[35]	[31]	[29]	[26]	[25]	[28]	[30]	[32]	[32]	[34]	[35]	[31]	[29]	[27]	[30]	[26]	[27]	[29]	[28]	[25]	[27]	[25]	[25]	[26]	[22]	[20]	
[34]	[37]	[34]	[37]	[30]	[17]	[7]	[10]	[19]	[31]	[36]	[27]	[56]	[115]	[107]	[118]	[150]	[109]	[71]	[35]	[27]	[34]	[35]	[33]	[32]	[34]	[35]	[37]	[35]	[30]	[33]	[35]	[35]	[31]	[33]	[34]	[31]	[35]	[35]	[35]	[40]	[40]	[30]	[35]	[35]	[35]	[34]	[34]	[35]	[37]	[35]	[33]	[33]	[31]	[30]	[33]	[30]	[30]	[26]	[29]	[32]	[32]	[33]	[33]	[34]	[32]	[30]	[28]	[29]	[29]	[29]	[31]	[28]	[31]	[28]	[26]	[25]	[25]	[19]	[23]	
[39]	[38]	[34]	[34]	[30]	[11]	[8]	[8]	[16]	[31]	[35]	[38]	[107]	[168]	[173]	[194]	[217]	[218]	[137]	[48]	[29]	[32]	[31]	[35]	[35]	[34]	[37]	[36]	[37]	[35]	[34]	[35]	[34]	[32]	[34]	[33]	[31]	[34]	[34]	[34]	[37]	[40]	[30]	[34]	[35]	[33]	[35]	[36]	[32]	[37]	[35]	[34]	[35]	[34]	[30]	[31]	[30]	[30]	[27]	[29]	[30]	[32]	[31]	[31]	[30]	[32]	[30]	[26]	[32]	[29]	[29]	[30]	[31]	[27]	[25]	[24]	[27]	[27]	[24]	[19]	
[30]	[37]	[30]	[35]	[30]	[10]	[5]	[10]	[17]	[35]	[39]	[52]	[142]	[223]	[223]	[189]	[235]	[233]	[169]	[49]	[30]	[32]	[32]	[35]	[35]	[39]	[37]	[36]	[35]	[33]	[31]	[31]	[32]	[30]	[31]	[32]	[32]	[31]	[31]	[33]	[36]	[38]	[31]	[32]	[33]	[32]	[35]	[34]	[34]	[34]	[33]	[33]	[34]	[31]	[33]	[30]	[30]	[31]	[30]	[30]	[25]	[30]	[29]	[32]	[34]	[31]	[29]	[28]	[30]	[29]	[30]	[30]	[29]	[27]	[25]	[25]	[24]	[27]	[23]	[21]	
[31]	[36]	[31]	[34]	[27]	[12]	[6]	[12]	[20]	[35]	[38]	[62]	[158]	[212]	[216]	[201]	[226]	[218]	[184]	[57]	[31]	[34]	[38]	[37]	[34]	[37]	[38]	[37]	[35]	[32]	[33]	[37]	[35]	[33]	[32]	[31]	[32]	[32]	[31]	[34]	[37]	[38]	[31]	[35]	[39]	[31]	[35]	[31]	[32]	[35]	[32]	[32]	[35]	[33]	[32]	[31]	[29]	[30]	[29]	[29]	[28]	[29]	[30]	[33]	[34]	[32]	[30]	[29]	[28]	[28]	[27]	[32]	[25]	[27]	[24]	[25]	[26]	[25]	[24]	[23]	
[30]	[33]	[31]	[34]	[29]	[10]	[4]	[11]	[20]	[36]	[38]	[41]	[134]	[216]	[226]	[220]	[235]	[211]	[162]	[51]	[32]	[32]	[34]	[34]	[35]	[35]	[34]	[37]	[35]	[33]	[36]	[33]	[34]	[31]	[30]	[30]	[29]	[32]	[30]	[34]	[38]	[39]	[32]	[32]	[36]	[35]	[33]	[32]	[35]	[34]	[34]	[31]	[34]	[33]	[30]	[32]	[30]	[30]	[29]	[29]	[27]	[32]	[30]	[34]	[30]	[29]	[30]	[27]	[26]	[27]	[28]	[30]	[25]	[27]	[27]	[24]	[26]	[23]	[21]	[23]	
[30]	[35]	[30]	[30]	[31]	[13]	[8]	[11]	[20]	[35]	[40]	[35]	[61]	[213]	[240]	[235]	[242]	[199]	[76]	[36]	[34]	[35]	[34]	[32]	[36]	[37]	[40]	[36]	[35]	[35]	[34]	[35]	[32]	[33]	[30]	[30]	[31]	[30]	[31]	[34]	[38]	[37]	[31]	[35]	[32]	[29]	[33]	[32]	[33]	[35]	[32]	[31]	[33]	[31]	[30]	[31]	[30]	[30]	[28]	[28]	[29]	[28]	[33]	[35]	[29]	[31]	[27]	[27]	[28]	[26]	[26]	[30]	[23]	[22]	[25]	[25]	[21]	[23]	[21]	[18]	
[29]	[33]	[30]	[32]	[29]	[12]	[10]	[10]	[19]	[35]	[43]	[33]	[44]	[204]	[253]	[244]	[247]	[151]	[41]	[31]	[30]	[31]	[29]	[33]	[33]	[34]	[35]	[35]	[35]	[37]	[35]	[35]	[32]	[35]	[32]	[30]	[30]	[32]	[31]	[35]	[38]	[36]	[30]	[31]	[32]	[32]	[32]	[30]	[31]	[33]	[30]	[30]	[30]	[31]	[29]	[32]	[31]	[30]	[30]	[27]	[27]	[29]	[29]	[29]	[31]	[28]	[28]	[26]	[25]	[28]	[24]	[29]	[24]	[24]	[25]	[27]	[23]	[25]	[20]	[19]	
[31]	[34]	[30]	[33]	[25]	[11]	[6]	[12]	[20]	[39]	[45]	[35]	[50]	[211]	[255]	[255]	[243]	[113]	[39]	[30]	[35]	[31]	[31]	[32]	[30]	[35]	[37]	[37]	[34]	[38]	[35]	[35]	[31]	[35]	[34]	[29]	[29]	[30]	[32]	[36]	[35]	[36]	[30]	[32]	[30]	[33]	[30]	[30]	[30]	[34]	[29]	[30]	[30]	[29]	[29]	[29]	[26]	[29]	[30]	[29]	[27]	[26]	[29]	[29]	[28]	[29]	[26]	[27]	[26]	[25]	[26]	[26]	[25]	[26]	[24]	[28]	[25]	[25]	[20]	[19]	
[32]	[35]	[30]	[34]	[30]	[16]	[12]	[18]	[50]	[88]	[94]	[91]	[130]	[226]	[246]	[245]	[238]	[107]	[44]	[35]	[37]	[35]	[33]	[35]	[34]	[34]	[35]	[34]	[37]	[35]	[33]	[35]	[33]	[33]	[32]	[32]	[31]	[30]	[31]	[32]	[35]	[36]	[26]	[32]	[33]	[30]	[30]	[30]	[31]	[30]	[27]	[30]	[30]	[31]	[30]	[30]	[28]	[26]	[30]	[28]	[27]	[27]	[26]	[30]	[27]	[30]	[27]	[26]	[27]	[28]	[25]	[29]	[25]	[20]	[25]	[28]	[25]	[26]	[16]	[17]	
[30]	[35]	[30]	[36]	[30]	[16]	[18]	[79]	[144]	[178]	[181]	[181]	[183]	[198]	[208]	[211]	[217]	[170]	[104]	[67]	[54]	[42]	[40]	[39]	[34]	[37]	[37]	[37]	[38]	[38]	[33]	[33]	[35]	[35]	[34]	[30]	[33]	[33]	[32]	[35]	[36]	[38]	[30]	[30]	[33]	[30]	[30]	[29]	[30]	[30]	[30]	[32]	[29]	[30]	[29]	[30]	[29]	[30]	[27]	[29]	[25]	[27]	[27]	[28]	[27]	[27]	[28]	[28]	[27]	[26]	[28]	[25]	[25]	[22]	[23]	[25]	[25]	[24]	[21]	[20]	
[28]	[35]	[32]	[36]	[28]	[15]	[34]	[125]	[156]	[178]	[201]	[179]	[168]	[165]	[175]	[168]	[157]	[163]	[166]	[171]	[168]	[116]	[45]	[37]	[36]	[39]	[40]	[37]	[39]	[39]	[35]	[35]	[34]	[35]	[35]	[34]	[33]	[35]	[32]	[32]	[35]	[35]	[31]	[31]	[30]	[30]	[30]	[30]	[33]	[30]	[28]	[30]	[30]	[30]	[28]	[29]	[28]	[25]	[27]	[27]	[29]	[27]	[25]	[26]	[25]	[25]	[30]	[26]	[27]	[28]	[25]	[30]	[25]	[23]	[25]	[24]	[23]	[28]	[24]	[26]	
[28]	[33]	[28]	[35]	[31]	[20]	[52]	[129]	[161]	[177]	[190]	[184]	[183]	[170]	[178]	[165]	[134]	[166]	[168]	[188]	[179]	[183]	[82]	[39]	[37]	[35]	[38]	[35]	[35]	[38]	[32]	[34]	[33]	[33]	[33]	[32]	[31]	[33]	[34]	[30]	[36]	[34]	[28]	[28]	[30]	[28]	[29]	[30]	[31]	[30]	[30]	[30]	[28]	[30]	[25]	[29]	[27]	[25]	[26]	[26]	[23]	[26]	[25]	[27]	[25]	[26]	[27]	[25]	[24]	[28]	[23]	[30]	[25]	[23]	[25]	[22]	[24]	[26]	[23]	[22]	
[29]	[29]	[28]	[29]	[29]	[20]	[67]	[122]	[158]	[179]	[192]	[188]	[183]	[162]	[165]	[130]	[138]	[162]	[166]	[171]	[164]	[187]	[96]	[40]	[36]	[35]	[39]	[36]	[35]	[37]	[35]	[32]	[35]	[34]	[35]	[30]	[33]	[32]	[32]	[35]	[35]	[29]	[29]	[32]	[30]	[31]	[30]	[27]	[30]	[31]	[29]	[30]	[29]	[28]	[26]	[25]	[25]	[25]	[25]	[23]	[23]	[26]	[26]	[28]	[25]	[26]	[22]	[24]	[24]	[23]	[23]	[23]	[24]	[24]	[24]	[24]	[26]	[23]	[25]	[25]	
[25]	[32]	[26]	[33]	[28]	[33]	[81]	[117]	[160]	[194]	[204]	[199]	[183]	[166]	[154]	[117]	[162]	[162]	[162]	[164]	[169]	[174]	[91]	[43]	[37]	[38]	[36]	[35]	[39]	[36]	[34]	[31]	[34]	[30]	[33]	[34]	[32]	[35]	[28]	[35]	[34]	[31]	[30]	[31]	[32]	[27]	[30]	[28]	[31]	[31]	[30]	[30]	[31]	[28]	[27]	[25]	[27]	[20]	[25]	[25]	[25]	[24]	[24]	[25]	[25]	[23]	[23]	[26]	[25]	[24]	[23]	[24]	[22]	[20]	[24]	[22]	[25]	[27]	[30]	[34]	
[23]	[31]	[28]	[31]	[31]	[48]	[83]	[112]	[175]	[202]	[200]	[189]	[176]	[181]	[143]	[129]	[153]	[160]	[162]	[158]	[177]	[144]	[91]	[45]	[37]	[38]	[40]	[39]	[37]	[40]	[35]	[34]	[35]	[34]	[34]	[31]	[35]	[34]	[31]	[32]	[33]	[34]	[34]	[33]	[32]	[30]	[30]	[30]	[30]	[30]	[28]	[27]	[27]	[29]	[24]	[23]	[24]	[23]	[25]	[24]	[25]	[20]	[25]	[25]	[25]	[23]	[19]	[21]	[21]	[21]	[21]	[24]	[23]	[24]	[21]	[22]	[21]	[25]	[27]	[26]	
[28]	[30]	[25]	[31]	[41]	[65]	[86]	[119]	[184]	[202]	[197]	[185]	[183]	[207]	[187]	[148]	[147]	[153]	[165]	[171]	[173]	[124]	[89]	[46]	[37]	[36]	[39]	[39]	[40]	[37]	[35]	[35]	[37]	[37]	[34]	[31]	[33]	[34]	[33]	[33]	[37]	[33]	[30]	[30]	[29]	[31]	[31]	[30]	[28]	[29]	[29]	[26]	[28]	[25]	[25]	[25]	[25]	[24]	[24]	[22]	[20]	[20]	[21]	[24]	[23]	[24]	[20]	[20]	[20]	[21]	[20]	[24]	[20]	[20]	[23]	[23]	[20]	[22]	[23]	[27]	
[26]	[29]	[30]	[33]	[46]	[104]	[148]	[144]	[199]	[203]	[202]	[195]	[212]	[220]	[198]	[167]	[147]	[158]	[174]	[194]	[171]	[114]	[86]	[49]	[38]	[38]	[35]	[39]	[37]	[35]	[33]	[35]	[35]	[36]	[36]	[35]	[35]	[35]	[35]	[35]	[30]	[30]	[32]	[35]	[35]	[32]	[31]	[30]	[31]	[32]	[28]	[27]	[27]	[26]	[23]	[25]	[24]	[21]	[20]	[22]	[23]	[21]	[21]	[23]	[23]	[21]	[20]	[18]	[16]	[20]	[16]	[19]	[23]	[21]	[20]	[20]	[21]	[20]	[19]	[16]	
[25]	[31]	[26]	[31]	[34]	[84]	[190]	[209]	[215]	[195]	[199]	[193]	[209]	[216]	[204]	[199]	[168]	[173]	[181]	[205]	[159]	[103]	[87]	[49]	[39]	[38]	[39]	[36]	[36]	[39]	[36]	[33]	[34]	[35]	[34]	[35]	[35]	[35]	[30]	[34]	[31]	[28]	[36]	[30]	[34]	[30]	[32]	[27]	[30]	[30]	[29]	[26]	[26]	[25]	[24]	[25]	[19]	[21]	[20]	[22]	[23]	[21]	[19]	[23]	[22]	[17]	[21]	[19]	[20]	[18]	[18]	[20]	[19]	[19]	[21]	[18]	[20]	[22]	[18]	[19]	
[25]	[30]	[30]	[31]	[33]	[84]	[194]	[215]	[216]	[192]	[189]	[169]	[180]	[189]	[192]	[208]	[208]	[196]	[195]	[184]	[164]	[161]	[147]	[59]	[43]	[36]	[36]	[35]	[34]	[36]	[33]	[34]	[33]	[35]	[35]	[32]	[33]	[33]	[35]	[35]	[33]	[30]	[34]	[34]	[28]	[31]	[33]	[29]	[28]	[28]	[29]	[28]	[25]	[25]	[21]	[25]	[21]	[21]	[22]	[20]	[22]	[17]	[16]	[20]	[20]	[20]	[18]	[21]	[21]	[20]	[17]	[20]	[20]	[18]	[20]	[18]	[20]	[21]	[17]	[14]	
[25]	[28]	[28]	[31]	[42]	[133]	[214]	[228]	[200]	[189]	[175]	[158]	[156]	[164]	[183]	[196]	[205]	[202]	[209]	[174]	[230]	[199]	[126]	[47]	[44]	[42]	[40]	[36]	[33]	[32]	[34]	[31]	[35]	[35]	[32]	[31]	[33]	[32]	[32]	[34]	[34]	[29]	[33]	[32]	[25]	[26]	[32]	[31]	[30]	[29]	[27]	[27]	[29]	[28]	[24]	[25]	[22]	[25]	[23]	[22]	[22]	[19]	[18]	[20]	[22]	[19]	[18]	[19]	[16]	[17]	[18]	[21]	[18]	[19]	[20]	[17]	[17]	[15]	[17]	[13]	
[25]	[31]	[30]	[38]	[67]	[172]	[221]	[229]	[186]	[191]	[169]	[151]	[143]	[144]	[155]	[156]	[204]	[201]	[210]	[213]	[219]	[195]	[114]	[41]	[41]	[40]	[38]	[34]	[36]	[36]	[34]	[33]	[33]	[32]	[33]	[31]	[33]	[33]	[33]	[31]	[35]	[28]	[29]	[33]	[32]	[26]	[28]	[29]	[30]	[30]	[26]	[28]	[28]	[25]	[25]	[22]	[20]	[21]	[23]	[20]	[19]	[20]	[18]	[21]	[20]	[19]	[18]	[20]	[17]	[20]	[19]	[20]	[17]	[21]	[19]	[18]	[18]	[17]	[15]	[15]	
[31]	[30]	[30]	[40]	[95]	[184]	[212]	[224]	[180]	[176]	[173]	[143]	[133]	[129]	[128]	[128]	[153]	[191]	[208]	[215]	[215]	[197]	[106]	[40]	[40]	[40]	[35]	[34]	[33]	[35]	[31]	[30]	[34]	[34]	[32]	[34]	[32]	[34]	[32]	[34]	[33]	[30]	[33]	[31]	[30]	[28]	[28]	[30]	[30]	[30]	[26]	[26]	[25]	[25]	[20]	[22]	[22]	[21]	[21]	[21]	[23]	[20]	[19]	[22]	[21]	[16]	[19]	[19]	[17]	[19]	[19]	[19]	[18]	[19]	[19]	[20]	[16]	[16]	[13]	[12]	
[27]	[31]	[29]	[42]	[124]	[194]	[215]	[208]	[176]	[169]	[174]	[146]	[127]	[128]	[117]	[127]	[143]	[136]	[153]	[190]	[211]	[190]	[79]	[39]	[40]	[40]	[37]	[36]	[35]	[36]	[30]	[31]	[31]	[34]	[30]	[33]	[31]	[32]	[29]	[31]	[32]	[28]	[33]	[34]	[29]	[28]	[23]	[28]	[27]	[26]	[26]	[25]	[24]	[24]	[20]	[21]	[20]	[20]	[20]	[16]	[20]	[19]	[17]	[21]	[19]	[17]	[18]	[16]	[16]	[18]	[17]	[20]	[19]	[19]	[20]	[18]	[18]	[17]	[11]	[13]	
[30]	[29]	[29]	[47]	[157]	[203]	[216]	[194]	[156]	[163]	[149]	[141]	[116]	[115]	[125]	[146]	[144]	[138]	[74]	[65]	[121]	[108]	[45]	[40]	[42]	[38]	[37]	[37]	[36]	[33]	[27]	[35]	[34]	[32]	[33]	[29]	[31]	[29]	[30]	[29]	[34]	[26]	[30]	[32]	[29]	[30]	[29]	[25]	[26]	[28]	[28]	[26]	[25]	[23]	[20]	[20]	[19]	[17]	[20]	[17]	[19]	[17]	[16]	[19]	[17]	[20]	[18]	[17]	[18]	[19]	[18]	[20]	[16]	[19]	[17]	[20]	[15]	[15]	[15]	[10]	
[30]	[31]	[33]	[54]	[167]	[209]	[212]	[175]	[154]	[152]	[138]	[135]	[107]	[112]	[124]	[121]	[137]	[130]	[81]	[39]	[41]	[44]	[38]	[40]	[42]	[35]	[35]	[35]	[35]	[36]	[27]	[35]	[30]	[31]	[33]	[32]	[31]	[30]	[30]	[30]	[35]	[26]	[30]	[26]	[29]	[25]	[19]	[20]	[25]	[25]	[25]	[26]	[26]	[27]	[20]	[20]	[18]	[18]	[20]	[18]	[19]	[18]	[18]	[21]	[17]	[20]	[20]	[18]	[20]	[21]	[19]	[21]	[19]	[15]	[15]	[20]	[15]	[16]	[13]	[13]	
[30]	[32]	[34]	[56]	[179]	[215]	[199]	[152]	[153]	[143]	[130]	[130]	[113]	[111]	[109]	[126]	[151]	[145]	[106]	[40]	[37]	[40]	[39]	[38]	[35]	[34]	[34]	[33]	[32]	[35]	[30]	[33]	[33]	[30]	[30]	[30]	[30]	[30]	[30]	[30]	[32]	[25]	[32]	[28]	[27]	[26]	[21]	[21]	[24]	[24]	[25]	[25]	[25]	[26]	[19]	[19]	[20]	[15]	[20]	[17]	[19]	[17]	[18]	[20]	[20]	[17]	[17]	[18]	[19]	[18]	[22]	[23]	[15]	[16]	[18]	[17]	[16]	[15]	[13]	[10]	
[30]	[33]	[31]	[64]	[188]	[215]	[180]	[137]	[129]	[148]	[122]	[118]	[103]	[108]	[110]	[135]	[133]	[148]	[110]	[37]	[33]	[35]	[40]	[35]	[35]	[35]	[35]	[35]	[35]	[35]	[29]	[32]	[32]	[31]	[30]	[29]	[30]	[31]	[27]	[29]	[30]	[24]	[32]	[28]	[23]	[26]	[24]	[22]	[24]	[22]	[23]	[25]	[24]	[24]	[20]	[17]	[15]	[20]	[21]	[20]	[19]	[17]	[15]	[17]	[19]	[20]	[16]	[15]	[17]	[19]	[19]	[20]	[15]	[15]	[16]	[14]	[16]	[15]	[13]	[11]	
[30]	[30]	[34]	[78]	[196]	[203]	[167]	[130]	[116]	[137]	[122]	[110]	[107]	[108]	[115]	[124]	[117]	[139]	[111]	[38]	[29]	[35]	[32]	[34]	[30]	[35]	[33]	[33]	[32]	[31]	[25]	[29]	[32]	[30]	[30]	[26]	[29]	[28]	[30]	[26]	[28]	[26]	[31]	[26]	[23]	[23]	[24]	[25]	[21]	[23]	[20]	[23]	[20]	[19]	[19]	[15]	[17]	[15]	[21]	[17]	[15]	[14]	[18]	[18]	[18]	[14]	[15]	[19]	[15]	[18]	[15]	[18]	[15]	[14]	[16]	[17]	[15]	[17]	[15]	[13]	
[29]	[35]	[39]	[109]	[205]	[171]	[138]	[123]	[115]	[118]	[131]	[112]	[102]	[109]	[106]	[102]	[109]	[130]	[122]	[41]	[26]	[30]	[30]	[28]	[31]	[33]	[30]	[32]	[30]	[31]	[27]	[30]	[29]	[28]	[26]	[29]	[28]	[31]	[28]	[27]	[26]	[25]	[32]	[27]	[25]	[22]	[25]	[23]	[20]	[24]	[19]	[23]	[22]	[20]	[18]	[19]	[16]	[17]	[22]	[22]	[19]	[15]	[14]	[15]	[15]	[14]	[15]	[17]	[18]	[16]	[17]	[14]	[13]	[15]	[16]	[20]	[15]	[15]	[15]	[12]	
[33]	[35]	[41]	[140]	[223]	[190]	[145]	[130]	[118]	[116]	[117]	[118]	[98]	[90]	[85]	[85]	[104]	[128]	[122]	[51]	[25]	[28]	[30]	[26]	[30]	[31]	[29]	[30]	[31]	[31]	[26]	[31]	[30]	[28]	[29]	[29]	[27]	[30]	[30]	[28]	[28]	[22]	[30]	[26]	[25]	[25]	[25]	[21]	[22]	[22]	[22]	[25]	[22]	[23]	[18]	[16]	[18]	[17]	[20]	[20]	[20]	[17]	[15]	[15]	[15]	[15]	[16]	[14]	[15]	[18]	[15]	[16]	[15]	[17]	[15]	[15]	[17]	[15]	[12]	[11]	
[29]	[35]	[55]	[181]	[235]	[218]	[153]	[127]	[122]	[120]	[115]	[106]	[102]	[86]	[69]	[75]	[98]	[115]	[111]	[57]	[25]	[30]	[31]	[28]	[26]	[30]	[30]	[33]	[30]	[29]	[31]	[29]	[25]	[26]	[25]	[25]	[27]	[27]	[26]	[28]	[24]	[21]	[27]	[26]	[25]	[25]	[22]	[19]	[23]	[22]	[21]	[22]	[23]	[21]	[19]	[18]	[19]	[17]	[15]	[20]	[17]	[17]	[15]	[17]	[15]	[12]	[15]	[15]	[15]	[16]	[15]	[15]	[15]	[14]	[15]	[15]	[15]	[16]	[8]	[10]	
[28]	[35]	[78]	[202]	[220]	[222]	[163]	[116]	[113]	[112]	[113]	[103]	[82]	[72]	[67]	[71]	[87]	[91]	[87]	[52]	[25]	[26]	[29]	[25]	[28]	[28]	[28]	[28]	[30]	[30]	[30]	[28]	[25]	[25]	[24]	[25]	[28]	[25]	[25]	[23]	[25]	[23]	[30]	[26]	[25]	[24]	[21]	[21]	[22]	[26]	[22]	[20]	[24]	[23]	[19]	[20]	[19]	[16]	[20]	[20]	[16]	[18]	[16]	[17]	[19]	[13]	[15]	[13]	[16]	[15]	[14]	[13]	[11]	[14]	[14]	[13]	[18]	[14]	[10]	[12]	
[29]	[35]	[89]	[212]	[176]	[203]	[168]	[142]	[143]	[138]	[138]	[133]	[121]	[102]	[107]	[101]	[97]	[89]	[81]	[43]	[25]	[29]	[27]	[27]	[28]	[25]	[30]	[30]	[30]	[29]	[30]	[31]	[28]	[24]	[26]	[28]	[28]	[27]	[25]	[25]	[25]	[26]	[25]	[25]	[24]	[24]	[21]	[24]	[20]	[18]	[24]	[20]	[22]	[21]	[18]	[20]	[18]	[17]	[20]	[20]	[19]	[16]	[15]	[19]	[16]	[14]	[15]	[10]	[11]	[10]	[13]	[13]	[13]	[12]	[14]	[12]	[14]	[12]	[8]	[11]	
[30]	[34]	[87]	[211]	[193]	[197]	[163]	[147]	[146]	[143]	[126]	[124]	[133]	[145]	[169]	[140]	[127]	[110]	[103]	[43]	[26]	[27]	[27]	[30]	[25]	[29]	[28]	[30]	[31]	[29]	[30]	[25]	[28]	[29]	[26]	[25]	[26]	[27]	[28]	[28]	[25]	[20]	[29]	[25]	[23]	[25]	[21]	[22]	[16]	[20]	[20]	[20]	[23]	[20]	[16]	[21]	[20]	[18]	[20]	[18]	[18]	[13]	[16]	[12]	[17]	[12]	[15]	[10]	[11]	[10]	[9]	[13]	[12]	[10]	[10]	[11]	[12]	[11]	[10]	[11]	
[30]	[34]	[46]	[133]	[209]	[183]	[153]	[139]	[142]	[141]	[122]	[129]	[145]	[173]	[174]	[148]	[127]	[97]	[76]	[28]	[27]	[27]	[28]	[31]	[30]	[30]	[28]	[30]	[30]	[30]	[30]	[29]	[30]	[26]	[22]	[26]	[30]	[28]	[28]	[27]	[24]	[23]	[28]	[25]	[24]	[25]	[20]	[20]	[24]	[20]	[17]	[20]	[22]	[20]	[18]	[20]	[16]	[17]	[20]	[20]	[18]	[13]	[14]	[17]	[14]	[13]	[15]	[10]	[12]	[11]	[10]	[15]	[11]	[9]	[13]	[12]	[14]	[13]	[10]	[8]	
[29]	[34]	[32]	[42]	[104]	[146]	[144]	[138]	[143]	[145]	[133]	[150]	[169]	[179]	[173]	[150]	[122]	[87]	[61]	[24]	[25]	[30]	[30]	[30]	[30]	[29]	[31]	[29]	[30]	[27]	[27]	[27]	[27]	[28]	[25]	[22]	[28]	[26]	[24]	[26]	[22]	[20]	[29]	[23]	[21]	[24]	[21]	[24]	[20]	[23]	[16]	[21]	[21]	[17]	[19]	[20]	[19]	[17]	[22]	[20]	[15]	[11]	[15]	[14]	[14]	[15]	[16]	[13]	[13]	[14]	[9]	[13]	[10]	[12]	[10]	[12]	[14]	[12]	[10]	[14]	
[29]	[35]	[29]	[36]	[65]	[126]	[135]	[136]	[143]	[147]	[148]	[180]	[174]	[178]	[169]	[148]	[118]	[80]	[55]	[21]	[24]	[26]	[30]	[31]	[30]	[29]	[27]	[30]	[30]	[31]	[25]	[28]	[25]	[25]	[28]	[25]	[26]	[25]	[25]	[23]	[20]	[20]	[27]	[25]	[24]	[22]	[23]	[21]	[20]	[20]	[18]	[20]	[22]	[18]	[17]	[18]	[19]	[20]	[21]	[23]	[17]	[12]	[12]	[15]	[15]	[13]	[14]	[12]	[9]	[8]	[12]	[14]	[12]	[10]	[10]	[13]	[15]	[12]	[13]	[10]	
[28]	[33]	[30]	[40]	[76]	[120]	[125]	[128]	[132]	[139]	[160]	[176]	[177]	[174]	[161]	[139]	[112]	[78]	[45]	[22]	[25]	[27]	[30]	[26]	[30]	[30]	[31]	[30]	[29]	[28]	[27]	[26]	[25]	[26]	[27]	[25]	[24]	[25]	[22]	[21]	[20]	[20]	[28]	[23]	[24]	[24]	[23]	[22]	[18]	[20]	[20]	[19]	[20]	[23]	[19]	[20]	[18]	[15]	[20]	[19]	[19]	[12]	[12]	[17]	[15]	[12]	[15]	[12]	[11]	[11]	[11]	[12]	[13]	[10]	[14]	[13]	[13]	[14]	[13]	[22]	
[29]	[30]	[33]	[35]	[71]	[125]	[134]	[122]	[122]	[137]	[154]	[150]	[174]	[171]	[138]	[119]	[107]	[71]	[30]	[18]	[25]	[26]	[30]	[29]	[31]	[30]	[34]	[32]	[32]	[29]	[30]	[28]	[28]	[25]	[26]	[25]	[25]	[25]	[23]	[22]	[18]	[20]	[25]	[25]	[25]	[22]	[23]	[21]	[20]	[18]	[18]	[21]	[25]	[20]	[20]	[19]	[15]	[16]	[17]	[23]	[17]	[15]	[14]	[15]	[16]	[14]	[13]	[13]	[12]	[8]	[11]	[16]	[11]	[12]	[13]	[14]	[14]	[15]	[16]	[17]	
[25]	[32]	[32]	[42]	[73]	[141]	[143]	[135]	[123]	[149]	[124]	[130]	[174]	[162]	[119]	[104]	[103]	[44]	[20]	[19]	[26]	[25]	[25]	[28]	[32]	[30]	[30]	[31]	[31]	[28]	[28]	[25]	[29]	[30]	[27]	[24]	[29]	[27]	[27]	[23]	[19]	[20]	[27]	[25]	[27]	[23]	[23]	[21]	[22]	[22]	[21]	[21]	[20]	[20]	[18]	[18]	[16]	[15]	[13]	[12]	[14]	[14]	[11]	[13]	[15]	[11]	[15]	[12]	[10]	[12]	[13]	[17]	[11]	[14]	[17]	[12]	[15]	[14]	[15]	[14]	
[28]	[31]	[30]	[38]	[82]	[145]	[158]	[135]	[141]	[156]	[110]	[130]	[173]	[142]	[103]	[93]	[97]	[35]	[19]	[25]	[25]	[26]	[28]	[29]	[30]	[30]	[28]	[31]	[30]	[31]	[25]	[26]	[27]	[26]	[27]	[26]	[30]	[30]	[26]	[25]	[18]	[20]	[27]	[26]	[27]	[24]	[24]	[20]	[20]	[23]	[22]	[22]	[25]	[22]	[18]	[20]	[18]	[14]	[11]	[13]	[15]	[13]	[14]	[15]	[14]	[13]	[12]	[13]	[12]	[11]	[12]	[15]	[10]	[11]	[11]	[15]	[12]	[14]	[15]	[15]	
[33]	[32]	[30]	[39]	[79]	[147]	[149]	[133]	[158]	[163]	[97]	[121]	[160]	[121]	[97]	[88]	[82]	[28]	[23]	[25]	[29]	[28]	[27]	[29]	[33]	[30]	[31]	[31]	[31]	[29]	[28]	[27]	[28]	[30]	[29]	[27]	[29]	[31]	[26]	[25]	[21]	[22]	[27]	[26]	[24]	[25]	[25]	[20]	[20]	[24]	[22]	[20]	[22]	[22]	[19]	[19]	[18]	[17]	[13]	[15]	[20]	[16]	[12]	[15]	[16]	[14]	[15]	[16]	[13]	[15]	[10]	[15]	[14]	[14]	[14]	[15]	[14]	[16]	[13]	[22]	
[26]	[33]	[30]	[40]	[68]	[137]	[126]	[135]	[142]	[158]	[90]	[121]	[146]	[105]	[94]	[89]	[66]	[20]	[23]	[27]	[30]	[25]	[30]	[26]	[30]	[32]	[32]	[30]	[30]	[30]	[29]	[27]	[29]	[27]	[29]	[29]	[29]	[28]	[25]	[26]	[20]	[24]	[25]	[24]	[22]	[27]	[24]	[20]	[22]	[25]	[23]	[22]	[20]	[20]	[20]	[18]	[17]	[15]	[14]	[15]	[20]	[18]	[14]	[16]	[19]	[15]	[19]	[17]	[15]	[10]	[14]	[14]	[15]	[14]	[15]	[16]	[14]	[13]	[15]	[10]	
[26]	[29]	[30]	[37]	[71]	[128]	[125]	[134]	[139]	[142]	[70]	[115]	[122]	[98]	[98]	[94]	[43]	[19]	[24]	[25]	[27]	[25]	[27]	[26]	[29]	[31]	[31]	[30]	[31]	[31]	[29]	[26]	[29]	[27]	[30]	[26]	[26]	[29]	[26]	[27]	[18]	[22]	[30]	[25]	[23]	[28]	[24]	[22]	[25]	[26]	[24]	[21]	[19]	[23]	[15]	[19]	[17]	[17]	[15]	[15]	[19]	[20]	[16]	[16]	[18]	[16]	[21]	[18]	[15]	[12]	[12]	[11]	[15]	[14]	[12]	[15]	[15]	[17]	[15]	[14]	
[31]	[35]	[33]	[41]	[75]	[132]	[137]	[145]	[149]	[127]	[60]	[107]	[106]	[94]	[103]	[100]	[40]	[19]	[23]	[24]	[28]	[27]	[29]	[30]	[30]	[32]	[35]	[34]	[32]	[29]	[27]	[29]	[30]	[26]	[30]	[28]	[30]	[27]	[29]	[27]	[17]	[25]	[25]	[27]	[24]	[26]	[23]	[24]	[22]	[26]	[22]	[23]	[20]	[20]	[17]	[20]	[19]	[17]	[15]	[15]	[20]	[19]	[15]	[15]	[16]	[16]	[15]	[15]	[15]	[14]	[13]	[16]	[14]	[13]	[13]	[14]	[14]	[14]	[10]	[13]	
[31]	[35]	[32]	[43]	[80]	[138]	[142]	[143]	[139]	[111]	[55]	[110]	[105]	[92]	[99]	[93]	[29]	[19]	[25]	[27]	[33]	[31]	[29]	[29]	[30]	[32]	[33]	[34]	[33]	[30]	[28]	[27]	[30]	[29]	[27]	[28]	[27]	[30]	[27]	[26]	[16]	[26]	[30]	[27]	[26]	[25]	[24]	[23]	[23]	[24]	[22]	[23]	[21]	[25]	[20]	[17]	[20]	[17]	[15]	[15]	[18]	[19]	[15]	[15]	[17]	[15]	[19]	[15]	[14]	[14]	[15]	[15]	[16]	[15]	[15]	[15]	[13]	[15]	[10]	[15]	
[32]	[35]	[40]	[47]	[97]	[116]	[118]	[120]	[114]	[90]	[52]	[97]	[99]	[101]	[104]	[77]	[25]	[19]	[24]	[28]	[30]	[30]	[30]	[29]	[29]	[35]	[32]	[34]	[31]	[30]	[26]	[30]	[29]	[30]	[29]	[25]	[25]	[29]	[30]	[29]	[18]	[25]	[28]	[27]	[26]	[27]	[25]	[25]	[22]	[24]	[24]	[20]	[23]	[23]	[20]	[24]	[20]	[16]	[20]	[17]	[23]	[15]	[14]	[15]	[20]	[14]	[19]	[15]	[16]	[15]	[15]	[16]	[12]	[13]	[13]	[12]	[14]	[12]	[9]	[7]	
[35]	[39]	[41]	[52]	[106]	[109]	[96]	[98]	[105]	[75]	[48]	[106]	[108]	[104]	[91]	[83]	[31]	[20]	[25]	[28]	[30]	[30]	[29]	[32]	[30]	[32]	[34]	[35]	[30]	[30]	[29]	[30]	[30]	[30]	[29]	[26]	[30]	[30]	[28]	[27]	[20]	[22]	[26]	[30]	[27]	[27]	[26]	[27]	[25]	[20]	[24]	[24]	[23]	[25]	[23]	[23]	[20]	[20]	[16]	[15]	[20]	[16]	[15]	[16]	[17]	[19]	[15]	[15]	[15]	[15]	[16]	[17]	[19]	[14]	[14]	[13]	[17]	[11]	[7]	[5]	
[35]	[43]	[40]	[53]	[123]	[132]	[102]	[101]	[102]	[60]	[49]	[122]	[148]	[144]	[128]	[96]	[27]	[23]	[26]	[28]	[33]	[28]	[31]	[32]	[30]	[32]	[35]	[35]	[31]	[29]	[30]	[33]	[31]	[30]	[27]	[28]	[30]	[30]	[28]	[30]	[25]	[26]	[29]	[28]	[29]	[29]	[29]	[25]	[24]	[21]	[25]	[23]	[25]	[26]	[25]	[23]	[20]	[18]	[18]	[19]	[21]	[18]	[15]	[17]	[18]	[16]	[16]	[16]	[16]	[16]	[17]	[18]	[16]	[15]	[15]	[14]	[15]	[10]	[5]	[5]	
[35]	[40]	[39]	[60]	[147]	[169]	[148]	[142]	[131]	[64]	[56]	[148]	[174]	[170]	[158]	[107]	[34]	[22]	[29]	[25]	[30]	[28]	[32]	[34]	[33]	[34]	[35]	[34]	[33]	[32]	[31]	[32]	[34]	[35]	[30]	[30]	[32]	[33]	[30]	[28]	[27]	[30]	[28]	[25]	[28]	[26]	[30]	[27]	[25]	[26]	[24]	[26]	[25]	[27]	[25]	[23]	[20]	[18]	[17]	[19]	[18]	[18]	[18]	[17]	[20]	[16]	[18]	[18]	[15]	[16]	[17]	[20]	[17]	[15]	[16]	[13]	[16]	[13]	[6]	[7]	
[40]	[42]	[41]	[61]	[158]	[186]	[174]	[168]	[155]	[78]	[78]	[179]	[187]	[184]	[169]	[111]	[30]	[24]	[30]	[28]	[31]	[29]	[29]	[33]	[35]	[34]	[35]	[35]	[35]	[35]	[35]	[37]	[36]	[35]	[28]	[32]	[30]	[33]	[32]	[30]	[25]	[30]	[30]	[29]	[28]	[32]	[30]	[28]	[26]	[28]	[25]	[26]	[25]	[25]	[24]	[23]	[21]	[20]	[16]	[20]	[18]	[21]	[19]	[18]	[22]	[19]	[17]	[18]	[19]	[19]	[16]	[19]	[17]	[16]	[17]	[14]	[13]	[17]	[7]	[5]	
[39]	[43]	[43]	[57]	[140]	[182]	[185]	[182]	[173]	[93]	[113]	[194]	[192]	[189]	[170]	[93]	[30]	[25]	[29]	[26]	[30]	[29]	[29]	[32]	[36]	[35]	[37]	[37]	[33]	[35]	[34]	[36]	[37]	[36]	[36]	[32]	[35]	[36]	[32]	[33]	[28]	[31]	[30]	[29]	[28]	[30]	[30]	[29]	[28]	[29]	[26]	[26]	[25]	[27]	[23]	[25]	[25]	[17]	[20]	[20]	[16]	[21]	[19]	[19]	[20]	[20]	[18]	[18]	[20]	[18]	[20]	[20]	[18]	[16]	[15]	[13]	[15]	[16]	[7]	[5]	
[38]	[43]	[43]	[53]	[115]	[178]	[188]	[185]	[179]	[98]	[136]	[201]	[194]	[183]	[155]	[65]	[27]	[25]	[29]	[29]	[29]	[30]	[35]	[35]	[35]	[38]	[36]	[35]	[35]	[34]	[36]	[38]	[35]	[36]	[33]	[36]	[35]	[35]	[32]	[33]	[20]	[30]	[34]	[30]	[28]	[30]	[32]	[31]	[27]	[27]	[27]	[25]	[29]	[26]	[25]	[26]	[24]	[22]	[22]	[19]	[16]	[20]	[19]	[20]	[20]	[19]	[20]	[19]	[19]	[20]	[17]	[17]	[20]	[15]	[18]	[14]	[15]	[14]	[11]	[10]	
[40]	[48]	[44]	[55]	[90]	[167]	[181]	[181]	[174]	[92]	[146]	[200]	[194]	[178]	[132]	[35]	[24]	[23]	[27]	[25]	[31]	[32]	[31]	[34]	[36]	[38]	[35]	[36]	[37]	[35]	[36]	[36]	[38]	[35]	[35]	[31]	[35]	[35]	[35]	[33]	[21]	[34]	[33]	[34]	[33]	[32]	[30]	[30]	[26]	[29]	[25]	[29]	[28]	[25]	[27]	[25]	[23]	[20]	[21]	[16]	[19]	[19]	[21]	[23]	[20]	[19]	[20]	[20]	[21]	[23]	[20]	[25]	[22]	[19]	[16]	[15]	[13]	[15]	[14]	[10]	
[47]	[51]	[49]	[52]	[70]	[144]	[177]	[169]	[156]	[86]	[150]	[199]	[191]	[170]	[96]	[25]	[25]	[23]	[27]	[28]	[33]	[34]	[33]	[36]	[36]	[39]	[38]	[37]	[37]	[35]	[37]	[37]	[36]	[36]	[35]	[35]	[32]	[35]	[34]	[35]	[25]	[34]	[38]	[31]	[34]	[35]	[31]	[34]	[32]	[30]	[30]	[27]	[25]	[27]	[24]	[26]	[22]	[20]	[23]	[20]	[21]	[23]	[25]	[22]	[20]	[22]	[21]	[19]	[19]	[21]	[20]	[25]	[24]	[20]	[21]	[19]	[16]	[15]	[13]	[9]	
[46]	[52]	[45]	[50]	[59]	[120]	[154]	[160]	[151]	[84]	[153]	[197]	[189]	[155]	[54]	[20]	[20]	[21]	[27]	[28]	[29]	[30]	[35]	[38]	[38]	[41]	[40]	[38]	[40]	[37]	[38]	[35]	[35]	[34]	[35]	[33]	[34]	[35]	[34]	[33]	[24]	[37]	[34]	[33]	[33]	[30]	[30]	[32]	[32]	[30]	[30]	[30]	[29]	[28]	[25]	[25]	[24]	[23]	[21]	[20]	[18]	[21]	[23]	[24]	[20]	[21]	[20]	[23]	[22]	[21]	[20]	[23]	[21]	[19]	[20]	[17]	[17]	[16]	[14]	[10]	
[40]	[46]	[43]	[40]	[49]	[105]	[140]	[158]	[143]	[87]	[167]	[189]	[172]	[119]	[35]	[16]	[17]	[20]	[27]	[27]	[29]	[32]	[33]	[36]	[38]	[41]	[40]	[40]	[35]	[36]	[38]	[35]	[37]	[35]	[34]	[31]	[35]	[35]	[36]	[35]	[22]	[35]	[35]	[30]	[32]	[28]	[33]	[31]	[31]	[29]	[28]	[30]	[25]	[27]	[23]	[26]	[25]	[20]	[15]	[18]	[17]	[20]	[20]	[20]	[23]	[20]	[23]	[22]	[22]	[23]	[25]	[26]	[20]	[16]	[20]	[18]	[20]	[17]	[10]	[15]	
[48]	[46]	[37]	[36]	[48]	[66]	[81]	[92]	[100]	[92]	[140]	[163]	[136]	[66]	[8]	[1]	[7]	[8]	[21]	[21]	[28]	[29]	[31]	[36]	[34]	[37]	[37]	[35]	[37]	[37]	[35]	[36]	[36]	[37]	[35]	[31]	[35]	[35]	[34]	[32]	[22]	[37]	[36]	[34]	[33]	[31]	[30]	[30]	[28]	[26]	[29]	[27]	[23]	[25]	[22]	[24]	[21]	[20]	[12]	[18]	[17]	[22]	[17]	[17]	[21]	[19]	[21]	[20]	[23]	[27]	[24]	[23]	[20]	[17]	[18]	[24]	[19]	[17]	[9]	[10]	
[55]	[51]	[39]	[32]	[44]	[52]	[59]	[64]	[76]	[89]	[83]	[79]	[58]	[31]	[5]	[5]	[0]	[0]	[10]	[15]	[21]	[21]	[18]	[22]	[20]	[23]	[24]	[24]	[19]	[30]	[15]	[22]	[29]	[26]	[25]	[24]	[25]	[30]	[27]	[24]	[19]	[34]	[30]	[28]	[25]	[34]	[28]	[30]	[25]	[25]	[28]	[25]	[23]	[22]	[20]	[19]	[21]	[20]	[15]	[17]	[15]	[17]	[15]	[13]	[22]	[15]	[20]	[18]	[20]	[24]	[23]	[24]	[19]	[15]	[19]	[18]	[15]	[16]	[13]	[12]	
